{"relSlist": [[0.0, 0.0, 0.0, 0.0, 0.0, 0.0, 0.0, 0.0, 0.0, 0.0, 0.0, 0.0], [0.0, -1.0, 0.0, -1.0, -1.0, 0.0, -0.866, -0.5, -0.5, -0.866, -0.5, -0.866], [1.0, 0.0, 1.0, 0.0, 0.0, 1.0, -0.5, 0.866, 0.866, -0.5, 0.866, -0.5], [-0.0, -0.228, 0.183, -0.578, -1.028, 0.1865, -1.3992, -1.0725, -1.5225, -1.3957, -1.8725, -1.2127], [-0.0, -0.0, 0.0, -0.0, -0.0, 0.0, -0.0, 0.0, 0.0, -0.0, 0.0, -0.0], [0.0, 0.0, -0.0, 0.0, 0.0, -0.0, 0.0, 0.0, 0.0, 0.0, 0.0, 0.0]], "relBlist": [[0.0, 0.0, 0.0, 0.0, 0.0, 0.0, 0.0, 0.0, 0.0, 0.0, 0.0, 0.0], [-0.866, -0.5, -0.866, -0.5, -0.5, -0.866, 0.0, -1.0, -1.0, 0.0, -1.0, 0.0], [-0.5, 0.866, -0.5, 0.866, 0.866, -0.5, 1.0, 0.0, 0.0, 1.0, 0.0, 1.0], [-1.2126, -1.8724, -1.3956, -1.5224, -1.0724, -1.3991, 0.1866, -1.0279, -0.5779, 0.1831, -0.2279, 0.0001], [0.0, 0.0, 0.0, 0.0, 0.0, 0.0, 0.0, 0.0, 0.0, 0.0, 0.0, 0.0], [0.0, 0.0, 0.0, 0.0, 0.0, 0.0, 0.0, 0.0, 0.0, 0.0, 0.0, 0.0]], "relM": [[-1.0, -0.0, 0.0, -0.0], [-0.0, 0.5, -0.866, -1.2127], [0.0, -0.866, -0.5, -2.1005], [0.0, 0.0, 0.0, 1.0]], "baseSlist": [[0.0, 0.0, 0.0, 0.0, 0.0, 0.0], [0.0, -1.0, -1.0, 0.0, -1.0, 0.0], [1.0, 0.0, 0.0, 1.0, 0.0, 1.0], [0.0, 0.2995, 0.7495, -0.0035, 1.0995, -0.1865], [-0.0, -0.0, 0.0, 0.0, 0.0, 0.0], [-0.0, -0.0, 0.0, -0.0, 0.0, -0.0]], "baseBlist": [[0.0, 0.0, 0.0, 0.0, 0.0, 0.0], [0.0, -1.0, -1.0, 0.0, -1.0, 0.0], [1.0, 0.0, 0.0, 1.0, 0.0, 1.0], [0.1865, -1.028, -0.578, 0.183, -0.228, 0.0], [0.0, 0.0, 0.0, 0.0, 0.0, 0.0], [0.0, 0.0, 0.0, 0.0, 0.0, 0.0]], "baseM": [[1.0, 0.0, -0.0, -0.0], [-0.0, 1.0, 0.0, -0.1865], [0.0, -0.0, 1.0, 1.3275], [0.0, 0.0, 0.0, 1.0]], "Tbr": [[1.0, 0.0, 0.0, 0.0], [0.0, 0.5, 0.866, 0.1563], [0.0, -0.866, 0.5, 0.3772], [0.0, 0.0, 0.0, 1.0]], "Tbl": [[-1.0, 0.0, 0.0, 0.0], [-0.0, -0.5, -0.866, -0.1563], [0.0, -0.866, 0.5, 0.3772], [0.0, 0.0, 0.0, 1.0]], "p": [[2.8660833607677474e-15, -2.8832593756966673e-08, -0.06000000087430002], [-7.343537318800944e-09, 0.06899999707551274, -0.2280000561722828], [-2.2221010019443808e-08, 0.18300003176028545, -0.31100000972393205], [-6.244247987815385e-08, 0.10800003598754798, -0.5780000203095763], [-1.3442359977291893e-07, 0.07750002181112192, -1.028000108483194], [-1.968816161284987e-07, 0.18650005731698682, -1.2500001351508572], [-2.637560931189245e-07, -0.03695689484277759, -1.6370389954261695], [-2.2534156507375295e-07, -0.2837145212659439, -1.6536422751480717], [-2.3540889923638285e-07, -0.65817590378677, -1.9050561396685446], [-2.554263176784308e-07, -0.8519046984487693, -2.103508126739536], [-2.2296014784896904e-07, -0.9807847925092958, -2.0462811964299874], [-1.906312375409263e-07, -1.1607771176174178, -2.07052547529352]], "w": [[0.0, 0.0, 1.0], [0.0, -1.0, 0.0], [0.0, 0.0, 1.0], [0.0, -1.0, 0.0], [0.0, -1.0, 0.0], [0.0, 0.0, 1.0], [0.0, -0.8660254037844386, -0.5], [0.0, -0.5, 0.8660254037844386], [0.0, -0.5, 0.8660254037844386], [0.0, -0.8660254037844386, -0.5], [0.0, -0.5, 0.8660254037844386], [0.0, -0.8660254037844386, -0.5]], "relM_center_list": [[[1.0000000000000644, 1.9089234248761792e-15, 4.226408956695734e-15, -8.268518790661983e-15], [1.9089234248761792e-15, 1.0000000167112941, -2.0816681711721685e-14, -4.421861576897612e-08], [4.226408956695734e-15, -2.0816681711721685e-14, 1.0000000167113434, -0.030000052056289306], [0.0, 0.0, 0.0, 1.0]], [[-4.371140542763165e-08, 1.0000000000000542, -6.7597036603991075e-15, -3.6717564305020566e-09], [2.580958663456201e-08, -4.36562136267582e-15, -1.0000000316124535, -8.984588095728441e-08], [-1.0000000316124924, -4.3711379553154004e-08, -2.580954877595687e-08, -0.14399999017739185], [0.0, 0.0, 0.0, 1.0]], [[1.0000000000000324, -4.371138507974795e-08, 1.1920929958624761e-07, -1.2326645203891694e-08], [4.3711385688486386e-08, 1.0000000316124498, -2.5809580028735013e-08, 0.18300004642038703], [-1.1920929359105768e-07, 2.580955915654215e-08, 1.0000000316124744, -0.22800002836359168], [0.0, 0.0, 0.0, 1.0]], [[-1.6292069368204295e-07, 1.0000000000000218, 4.371138378168139e-08, -4.397091299952965e-08], [5.161914579110416e-08, 4.3711393497260045e-08, -1.0000000465136092, 0.18300005131788633], [-1.0000000465136234, -1.629206813993067e-07, -5.161912874918073e-08, -0.4444999739674076], [0.0, 0.0, 0.0, 1.0]], [[-1.6292069368204295e-07, 1.0000000000000218, 4.371137667625403e-08, -9.426952638480695e-08], [5.161914579110416e-08, 4.3711387343779136e-08, -1.0000000465136092, -0.002500019174134227], [-1.0000000465136234, -1.6292067784659344e-07, -5.161912874918073e-08, -0.8030000845851877], [0.0, 0.0, 0.0, 1.0]], [[1.0, -8.742276496299196e-08, 2.3841859494608627e-07, -1.6588719905620086e-07], [8.742277657347586e-08, 1.0000000465136054, -5.161913918527716e-08, 0.18650005326731067], [-2.384185791015625e-07, 5.161913918527716e-08, 1.0000000465136054, -1.1200001292637984], [0.0, 0.0, 0.0, 1.0]], [[-1.0000000000000246, -1.7469003440796649e-07, 8.726721711503679e-08, -2.5241135501071085e-07], [-1.6292066597793488e-07, 0.5000001210194163, -0.8660253704167388, -0.14954019488347847], [1.0765236994343985e-07, -0.8660253704167682, -0.5000001210194408, -1.7020390114460215], [0.0, 0.0, 0.0, 1.0]], [[5.6438022075911165e-09, -1.0000000000000024, 2.468068509264969e-07, -2.0686686466826723e-07], [0.8660253704167469, -1.185157758805015e-07, -0.5000001210194099, -0.5185702719403702], [0.5000001210194186, 2.1656288143403725e-07, 0.8660253704167511, -1.6968602538941342], [0.0, 0.0, 0.0, 1.0]], [[5.6438022075911165e-09, -1.0000000000000024, 2.4680685270285374e-07, -2.5467286420702936e-07], [0.8660253704167469, -1.185157756425151e-07, -0.5000001210194099, -0.7362903082607131], [0.5000001210194186, 2.1656288539895602e-07, 0.8660253704167511, -2.036758092906123], [0.0, 0.0, 0.0, 1.0]], [[-1.0000000000000173, -2.074735880575178e-07, 1.0619481082961621e-07, -2.466121504078088e-07], [-1.9570421833059816e-07, 0.5000001210194134, -0.8660253704167371, -0.9237847773774828], [1.2657995949991294e-07, -0.8660253704167604, -0.5000001210194452, -2.1450081407036143], [0.0, 0.0, 0.0, 1.0]], [[-9.759447261024953e-08, -1.000000000000011, 2.3091360598416366e-07, -1.9882917704362132e-07], [0.8660253704167379, -1.9997611218352785e-07, -0.5000001210194113, -1.0880309264182677], [0.5000001210194432, 1.5117978354279117e-07, 0.8660253704167549, -2.0285254766921055], [0.0, 0.0, 0.0, 1.0]], [[-1.00000000000001, -2.402571538718764e-07, 1.2512237741546293e-07, -1.8687756303401673e-07], [-2.2848776782372832e-07, 0.5000002173420279, -0.8660253227903455, -1.186757840889573], [1.455075474054341e-07, -0.8660253227903627, -0.5000002173420672, -2.085525440204783], [0.0, 0.0, 0.0, 1.0]]],"Mlist": [[[1.0, 0.0, 0.0, 0.0], [0.0, 1.0, 0.0, 0.0], [0.0, 0.0, 1.0, 0.0775], [0.0, 0.0, 0.0, 1.0]], [[1.0, 0.0, 0.0, 0.0], [0.0, 1.0, 0.0, -0.109], [0.0, 0.0, 1.0, 0.22199999999999998], [0.0, 0.0, 0.0, 1.0]], [[1.0, 0.0, 0.0, -4.6285024862623585e-05], [0.0, 1.0, 0.0, 0.03049999985849751], [0.0, 0.0, 1.0, 0.44999999762925347], [0.0, 0.0, 0.0, 1.0]], [[1.0, 0.0, 0.0, -3.2943763770184596e-05], [0.0, 1.0, 0.0, 0.07499999965204307], [0.0, 0.0, 1.0, 0.26699999806535957], [0.0, 0.0, 0.0, 1.0]], [[1.0, 0.0, 0.0, 1.0982024606914241e-05], [0.0, 1.0, 0.0, -0.11400799329609514], [0.0, 0.0, 1.0, 0.0829890194181897], [0.0, 0.0, 0.0, 1.0]], [[1.0, 0.0, 0.0, -2.888245149583498e-06], [0.0, 1.0, 0.0, -0.06901618130088892], [0.0, 0.0, 1.0, 0.1679933531729778], [0.0, 0.0, 0.0, 1.0]], [[0.9999999814422971, -0.00019265358547352655, 2.7834766253752988e-08, 1.6700859752213568e-09], [0.00019265358726095838, 0.9999999628881696, -0.00019263502866468497, -1.1558101719877367e-05], [9.277063739294143e-09, 0.000192635030452289, 0.9999999814458721, 0.05999999888675234], [0.0, 0.0, 0.0, 1.0]]],