{"Slist": [[0.0, 4.8965888601467475e-12, 4.8965888601467475e-12, 2.3976582465313225e-23, 9.793177720293495e-12, 7.1930093584727e-23], [0.0, -1.0, -1.0, -4.8965888601227706e-12, -1.0, -9.793177720245541e-12], [1.0, 2.3976582465313225e-23, 2.3976582465313225e-23, 1.0, -4.896588860098794e-12, 1.0], [-0.0, 0.2995, 0.7495, -0.0034999999950226205, 1.0995000000000172, -0.18649999998881622], [-0.0, 1.4665283636139508e-12, 3.6699933506799874e-12, 4.027444337495072e-12, 1.0767598903440245e-11, 3.6161308733035264e-12], [-0.0, 5.337281857559955e-13, 2.737193172822032e-12, 1.980465711625216e-23, 4.6199315895504464e-12, 4.8828374754675285e-23]], "Blist": [[2.3976928654100554e-23, -4.8965888601467475e-12, -4.8965888601467475e-12, 3.4618902214045736e-28, -1.1740516174705233e-34, 6.9237804428385345e-28], [9.793177720245541e-12, -1.0, -1.0, 4.8965888601227706e-12, -1.0, 0.0], [1.0, 9.793177720269518e-12, 9.793177720269518e-12, 1.0, 4.8965888601467475e-12, 1.0], [0.18650000000181666, -1.0279999999991043, -0.5779999999991041, 0.18300000000029382, -0.2280000000000002, 3.5413412302101557e-23], [-5.4425585180605675e-12, 5.03369334818734e-12, 2.830228361142882e-12, -1.380838058561384e-12, -4.0283652976134964e-24, -4.038963052882063e-28], [4.882824562617003e-23, -3.995616509902955e-12, -1.7921515228261296e-12, 6.761330479271026e-24, -8.226269285046539e-13, -1.2912850525166677e-28]], "Mlist": [[[1.0, 0.0, 0.0, 0.0], [0.0, 1.0, 0.0, 0.0], [0.0, 0.0, 1.0, 0.0775], [0.0, 0.0, 0.0, 1.0]], [[4.8965888601467475e-12, 1.0, 4.8965888601467475e-12, 0.0], [0.0, 4.8965888601467475e-12, -1.0, -0.109], [-1.0, 4.8965888601467475e-12, 2.3976582465313225e-23, 0.22199999999999998], [0.0, 0.0, 0.0, 1.0]], [[1.0, 0.0, 0.0, -0.45000000000000007], [0.0, 1.0, 1.1740346660404259e-34, 0.0], [0.0, 1.1740346660404259e-34, 1.0, -0.0305], [0.0, 0.0, 0.0, 1.0]], [[4.8965888601467475e-12, -4.8965888601467475e-12, -1.0, -0.2670000000000001], [1.0, 2.397658246519582e-23, 4.8965888601467475e-12, 8.077935669463161e-28], [0.0, -1.0, 4.8965888601467475e-12, -0.075], [0.0, 0.0, 0.0, 1.0]], [[4.8965888601467475e-12, 1.0, 4.8965888601467475e-12, 0.0], [0.0, 4.8965888601467475e-12, -1.0, -0.11399999999999999], [-1.0, 4.8965888601467475e-12, 2.3976928654100554e-23, 0.08299999999999996], [0.0, 0.0, 0.0, 1.0]], [[4.896588860146747e-12, -4.896588860146747e-12, -1.0, -0.16800000000000015], [1.0, 2.3976236276525892e-23, 4.896588860146748e-12, 6.058451752097371e-28], [-1.1740516174705233e-34, -1.0, 4.8965888601467475e-12, 0.06900000000000003], [0.0, 0.0, 0.0, 1.0]], [[1.0, 2.3481032349525446e-34, 6.9237804428385345e-28, -8.077935669463161e-28], [2.3481032349525446e-34, 1.0, 0.0, 0.0], [6.9237804428385345e-28, 0.0, 1.0, 0.06000000000000005], [0.0, 0.0, 0.0, 1.0]]], "Glist": [[[0.15418559, -2.35e-06, 1.739e-05, 0.0, 0.0, 0.0], [-2.35e-06, 0.12937017, -0.04854267, 0.0, 0.0, 0.0], [1.739e-05, -0.04854267, 0.05964415, 0.0, 0.0, 0.0], [0.0, 0.0, 0.0, 11.8030102, 0.0, 0.0], [0.0, 0.0, 0.0, 0.0, 11.8030102, 0.0], [0.0, 0.0, 0.0, 0.0, 0.0, 11.8030102]], [[0.2935698, -4e-07, 1.441e-05, 0.0, 0.0, 0.0], [-4e-07, 0.28094142, 0.03727972, 0.0, 0.0, 0.0], [1.441e-05, 0.03727972, 0.03620609, 0.0, 0.0, 0.0], [0.0, 0.0, 0.0, 7.99292141, 0.0, 0.0], [0.0, 0.0, 0.0, 0.0, 7.99292141, 0.0], [0.0, 0.0, 0.0, 0.0, 0.0, 7.99292141]], [[0.03424593, 1.49e-06, 7.24e-06, 0.0, 0.0, 0.0], [1.49e-06, 0.03406024, 0.00186009, 0.0, 0.0, 0.0], [7.24e-06, 0.00186009, 0.00450477, 0.0, 0.0, 0.0], [0.0, 0.0, 0.0, 2.99134127, 0.0, 0.0], [0.0, 0.0, 0.0, 0.0, 2.99134127, 0.0], [0.0, 0.0, 0.0, 0.0, 0.0, 2.99134127]], [[0.00670405, 3.75e-06, 1.5e-06, 0.0, 0.0, 0.0], [3.75e-06, 0.00279246, -0.00127967, 0.0, 0.0, 0.0], [1.5e-06, -0.00127967, 0.00619341, 0.0, 0.0, 0.0], [0.0, 0.0, 0.0, 2.12317035, 0.0, 0.0], [0.0, 0.0, 0.0, 0.0, 2.12317035, 0.0], [0.0, 0.0, 0.0, 0.0, 0.0, 2.12317035]], [[0.00994891, 1.4e-07, 3.21e-06, 0.0, 0.0, 0.0], [1.4e-07, 0.00978189, -0.00093546, 0.0, 0.0, 0.0], [3.21e-06, -0.00093546, 0.00271492, 0.0, 0.0, 0.0], [0.0, 0.0, 0.0, 2.28865091, 0.0, 0.0], [0.0, 0.0, 0.0, 0.0, 2.28865091, 0.0], [0.0, 0.0, 0.0, 0.0, 0.0, 2.28865091]], [[0.00043534, 1.3e-07, -2e-08, 0.0, 0.0, 0.0], [1.3e-07, 0.00044549, 5.1e-07, 0.0, 0.0, 0.0], [-2e-08, 5.1e-07, 0.00059634, 0.0, 0.0, 0.0], [0.0, 0.0, 0.0, 0.40083918, 0.0, 0.0], [0.0, 0.0, 0.0, 0.0, 0.40083918, 0.0], [0.0, 0.0, 0.0, 0.0, 0.0, 0.40083918]]], "M": [[1.0, -9.793177720293495e-12, 7.1930093584727e-23, -3.6161308732080396e-12], [9.793177720293495e-12, 1.0, -9.793177720245541e-12, -0.18650000000181666], [2.3976928654100554e-23, 9.793177720245541e-12, 1.0, 1.3274999999991042], [0.0, 0.0, 0.0, 1.0]]}